first_name,last_name,email,birthdate,birthtime
Betsey,Patron,bpatron0@biglobe.ne.jp,2002-08-28,9:48
Flory,Scholes,fscholes1@goodreads.com,2004-12-24,1:37
Goldarina,Khomishin,gkhomishin2@multiply.com,1999-10-26,11:31
Goddard,Clail,gclail3@yale.edu,1986-06-29,4:27
Wren,Toten,wtoten4@goodreads.com,2008-04-05,8:26
Mora,Cartledge,mcartledge5@archive.org,1986-12-15,4:54
Udall,Markussen,umarkussen6@mozilla.org,2001-04-25,6:25
Euell,Venning,evenning7@java.com,1992-10-20,7:36
Griselda,Cossor,gcossor8@mayoclinic.com,1991-11-20,10:00
Marcelle,Taw,mtaw9@wikimedia.org,1991-07-08,11:39
Reube,Beddow,rbeddowa@uol.com.br,2009-06-29,1:46
Carlin,Sissot,csissotb@unicef.org,1997-12-17,4:39
Lee,Warrell,lwarrellc@vimeo.com,2002-07-28,9:14
Michaelina,Glader,mgladerd@constantcontact.com,1990-10-08,11:56
Sibyl,Lorek,sloreke@jigsy.com,1979-09-26,8:10
Phelia,Raittie,praittief@sogou.com,2008-07-04,6:03
Petronella,Wabey,pwabeyg@google.com.br,1994-12-14,10:19
Cloris,Gonthard,cgonthardh@xinhuanet.com,2000-01-10,11:43
Audre,Barday,abardayi@blogger.com,1978-06-24,6:11
Kaleena,Playle,kplaylej@usgs.gov,1999-08-08,3:37
Allison,Pauncefort,apauncefortk@microsoft.com,1978-04-01,11:18
Ester,Perryn,eperrynl@businesswire.com,1995-07-07,8:01
Noach,Coston,ncostonm@merriam-webster.com,1990-01-21,1:16
Thor,Berdale,tberdalen@people.com.cn,1998-07-20,4:39
Trenton,Churchyard,tchurchyardo@oaic.gov.au,1996-04-25,4:42
Hammad,Ferrarone,hferraronep@blinklist.com,2005-06-10,8:32
Sayer,Bagster,sbagsterq@tamu.edu,1995-12-08,11:11
Madeline,Shearmur,mshearmurr@businessweek.com,1991-06-03,9:19
Otho,Sidnall,osidnalls@woothemes.com,1978-03-23,10:22
Esra,MacPake,emacpaket@google.com,1994-11-26,2:06
Ulrica,Mathews,umathewsu@nasa.gov,2003-05-27,1:17
Kelby,Gianuzzi,kgianuzziv@istockphoto.com,1987-02-26,2:47
Beckie,Gytesham,bgyteshamw@hatena.ne.jp,1996-08-02,4:09
Hubey,Upson,hupsonx@nbcnews.com,1980-03-06,8:54
Verena,Laphorn,vlaphorny@bbc.co.uk,1983-06-02,7:42
Kaine,Vasin,kvasinz@mysql.com,1993-09-27,9:22
Angelina,Lefley,alefley10@printfriendly.com,1993-07-21,11:06
Xena,Mycock,xmycock11@arizona.edu,1981-12-15,2:24
Barr,Malloch,bmalloch12@github.io,1994-07-24,11:22
Easter,Danbye,edanbye13@time.com,1996-06-19,2:59
Adan,Patise,apatise14@netvibes.com,2004-05-15,3:24
Charis,Hancorn,chancorn15@shinystat.com,1979-03-09,4:52
Waldon,Dumbreck,wdumbreck16@google.fr,2002-04-09,3:40
Sarge,Barrs,sbarrs17@dmoz.org,1992-08-23,10:22
Edythe,Hehnke,ehehnke18@latimes.com,1992-12-04,2:31
Elle,Coomes,ecoomes19@ocn.ne.jp,1973-04-14,1:04
Rivi,Courtier,rcourtier1a@prweb.com,2007-02-07,1:16
Dwayne,Claibourn,dclaibourn1b@typepad.com,1986-01-10,6:45
Charlie,Finn,cfinn1c@livejournal.com,1985-12-25,10:48
Maddi,Mieville,mmieville1d@hubpages.com,1989-01-13,7:43
Toma,Brando,tbrando1e@jigsy.com,1973-10-05,10:07
Mattias,Bernli,mbernli1f@1und1.de,1976-12-19,4:45
Ikey,Wagge,iwagge1g@barnesandnoble.com,1988-06-29,2:39
Marshal,Frankland,mfrankland1h@mac.com,2008-10-31,8:45
Thane,Rate,trate1i@diigo.com,2000-04-18,8:30
Kellen,Dunford,kdunford1j@webs.com,1998-07-03,5:51
Pansy,Semeniuk,psemeniuk1k@amazon.com,1981-01-08,10:27
Delly,Thurner,dthurner1l@a8.net,1983-05-11,6:50
Obadias,Matschoss,omatschoss1m@mediafire.com,2010-02-04,2:44
Colby,Capel,ccapel1n@pbs.org,1994-03-02,4:49
Chris,Brenton,cbrenton1o@amazon.de,1982-11-21,2:05
Bord,Sydry,bsydry1p@opensource.org,2009-03-30,2:27
Jeana,Andreou,jandreou1q@epa.gov,2007-01-05,2:01
Vin,Casier,vcasier1r@examiner.com,1980-03-19,6:54
Tome,Boick,tboick1s@stanford.edu,1995-08-31,5:30
Rachael,Trathen,rtrathen1t@dion.ne.jp,1987-05-06,1:35
Rudyard,Colliber,rcolliber1u@51.la,2010-12-11,3:52
Goldy,Ferry,gferry1v@lycos.com,1988-03-20,1:10
Richy,Deplacido,rdeplacido1w@elegantthemes.com,1986-10-30,5:48
Geoff,Clipston,gclipston1x@unc.edu,2002-10-21,3:16
Gabriella,Werrett,gwerrett1y@de.vu,1974-01-25,3:33
Brandyn,Seacombe,bseacombe1z@vk.com,1985-04-22,9:48
Rosco,Really,rreally20@webmd.com,1983-09-29,1:57
Pooh,Gunningham,pgunningham21@google.co.uk,1994-03-05,10:16
Kaitlyn,Drew-Clifton,kdrewclifton22@amazon.co.jp,1981-08-22,10:40
Aharon,Biddwell,abiddwell23@sourceforge.net,1979-03-06,8:57
Skipper,Fiddiman,sfiddiman24@yahoo.com,1978-01-23,5:41
Warner,Fremantle,wfremantle25@lycos.com,1980-11-05,2:12
Nolan,Stone,nstone26@va.gov,1992-03-24,10:28
Billy,Codeman,bcodeman27@ycombinator.com,2009-08-04,10:40
Elsy,Munson,emunson28@rakuten.co.jp,1982-06-24,11:37
Andie,Stoner,astoner29@imgur.com,1981-09-30,8:53
Sheena,Bolduc,sbolduc2a@globo.com,1988-02-23,6:32
Delila,Geraud,dgeraud2b@shareasale.com,1989-04-27,8:16
Ives,Melrose,imelrose2c@studiopress.com,1971-05-12,2:36
Giuditta,Hofner,ghofner2d@wordpress.com,1999-11-20,2:19
Gregorius,Copozio,gcopozio2e@exblog.jp,1999-03-06,8:44
Rubie,Dukelow,rdukelow2f@deviantart.com,2008-02-12,7:41
Umberto,Gilvear,ugilvear2g@unicef.org,1991-01-20,7:34
Terrel,Vipan,tvipan2h@mapquest.com,2010-10-17,5:05
Lilith,Manilow,lmanilow2i@pcworld.com,1976-11-12,1:44
Danya,Blanckley,dblanckley2j@newsvine.com,1988-11-26,10:09
Robbyn,Goroni,rgoroni2k@seattletimes.com,1983-10-02,11:43
Kim,Harkness,kharkness2l@stanford.edu,1984-09-24,5:06
Emilio,Jessup,ejessup2m@nationalgeographic.com,1996-06-11,5:22
Wittie,Cross,wcross2n@bloglines.com,1987-07-11,10:41
Kilian,Lates,klates2o@flavors.me,1979-10-05,6:46
Emmerich,Chiplin,echiplin2p@domainmarket.com,1986-10-02,8:25
Tania,Giacobini,tgiacobini2q@wisc.edu,1991-06-17,11:29
Trina,Starsmeare,tstarsmeare2r@tuttocitta.it,1983-02-19,8:07
Dianemarie,Kaasman,dkaasman2s@nationalgeographic.com,1972-09-02,5:22
Dona,Eastwell,deastwell2t@elegantthemes.com,2001-01-01,9:48
Rod,Reinard,rreinard2u@studiopress.com,1988-11-04,5:41
Cecil,Swansbury,cswansbury2v@uiuc.edu,2003-08-11,7:02
Micaela,Stitwell,mstitwell2w@discovery.com,1991-10-08,9:42
Sigvard,Nicklinson,snicklinson2x@google.pl,1987-09-21,1:23
Tristam,Bohden,tbohden2y@rakuten.co.jp,1984-11-26,7:59
Taddeo,Muzzullo,tmuzzullo2z@sciencedirect.com,1976-06-14,8:45
Thadeus,Racine,tracine30@squidoo.com,1972-05-22,4:41
Amabelle,Geikie,ageikie31@icio.us,1973-08-29,3:58
Bettine,Bramer,bbramer32@aboutads.info,2010-02-02,5:11
Thain,Arnely,tarnely33@tamu.edu,1980-01-09,2:05
Uri,Schops,uschops34@kickstarter.com,1988-11-24,3:24
Elita,Hutcheon,ehutcheon35@hao123.com,2006-08-10,3:56
Lenci,Burle,lburle36@scribd.com,1991-12-11,3:57
Agnella,Carefull,acarefull37@so-net.ne.jp,1991-11-09,5:28
Kori,Bougen,kbougen38@oracle.com,1995-04-04,2:11
Nyssa,Palfreyman,npalfreyman39@tinypic.com,2009-11-25,7:43
Nara,Perrelli,nperrelli3a@clickbank.net,2000-10-05,2:33
Purcell,Matteoli,pmatteoli3b@dagondesign.com,1989-09-09,7:05
Pavla,Salzberger,psalzberger3c@intel.com,1971-10-04,9:04
Ceil,Bools,cbools3d@moonfruit.com,2010-02-03,2:03
Trix,Bogart,tbogart3e@cmu.edu,2004-03-28,1:49
Betteann,Colquitt,bcolquitt3f@who.int,1991-06-07,9:06
Gerri,McKenzie,gmckenzie3g@github.io,1977-06-07,2:30
Zora,Whoston,zwhoston3h@google.co.jp,1993-01-09,4:34
Horatia,Scothron,hscothron3i@theglobeandmail.com,2006-11-25,9:46
Shanda,Tabourin,stabourin3j@seesaa.net,2006-10-16,4:48
Evelin,Chstney,echstney3k@nasa.gov,1991-11-04,2:31
Bentlee,O' Mullane,bomullane3l@moonfruit.com,2004-05-12,7:52
Theodosia,Macklin,tmacklin3m@noaa.gov,1997-12-13,2:11
Ricoriki,Mattityahou,rmattityahou3n@noaa.gov,1973-03-26,9:03
Vina,Bims,vbims3o@msu.edu,1983-06-28,1:11
Logan,Gregory,lgregory3p@friendfeed.com,1989-03-16,6:00
Geoff,Shute,gshute3q@youtube.com,1974-06-07,6:13
Madelina,Marke,mmarke3r@live.com,1995-10-12,5:37
Justus,Darter,jdarter3s@feedburner.com,2006-10-18,2:04
Lorry,Curedale,lcuredale3t@cdbaby.com,2009-03-20,9:37
Gothart,MacLleese,gmaclleese3u@si.edu,1982-01-13,5:31
Barrie,Traher,btraher3v@shop-pro.jp,1992-05-24,4:56
Oates,Gress,ogress3w@discovery.com,1983-09-13,8:16
Tomasine,Vallintine,tvallintine3x@yellowbook.com,1984-10-09,9:33
Sissie,Crofthwaite,scrofthwaite3y@domainmarket.com,1987-08-10,2:47
Ayn,Humpherson,ahumpherson3z@miitbeian.gov.cn,1973-10-06,5:24
Courtney,Leipoldt,cleipoldt40@fastcompany.com,1996-01-24,2:46
Marthena,Haggeth,mhaggeth41@tmall.com,1985-01-22,9:26
Ethelin,Domone,edomone42@theatlantic.com,2004-09-29,3:46
Valida,Hayesman,vhayesman43@edublogs.org,1993-12-09,8:57
Selena,Thurber,sthurber44@hibu.com,1991-08-22,4:44
Michelle,Joll,mjoll45@ebay.com,1996-03-16,4:50
Haley,Seamarke,hseamarke46@privacy.gov.au,2007-11-28,3:59
Woodie,Humes,whumes47@bloglines.com,1976-10-29,8:04
Koral,Bern,kbern48@umich.edu,1999-11-01,3:37
Beatriz,Calder,bcalder49@miibeian.gov.cn,2000-10-09,10:55
Chevalier,Tooting,ctooting4a@rakuten.co.jp,2002-05-06,8:03
Hirsch,Dell,hdell4b@histats.com,1994-07-23,10:06
Paola,Meates,pmeates4c@slashdot.org,1998-02-04,7:39
Kellsie,Doohey,kdoohey4d@desdev.cn,2003-08-20,8:12
Charlot,Welbrock,cwelbrock4e@seattletimes.com,2000-04-13,2:21
Mitzi,Claypool,mclaypool4f@usatoday.com,1991-05-27,2:48
Koralle,Braxay,kbraxay4g@ustream.tv,1972-12-21,10:39
Marijo,Gounod,mgounod4h@adobe.com,1981-12-31,8:51
Agustin,Yves,ayves4i@toplist.cz,2006-09-03,8:45
Fredek,Hinzer,fhinzer4j@github.com,1997-12-30,4:01
Bobbee,Veltmann,bveltmann4k@photobucket.com,1988-05-02,7:22
Ebenezer,De Gregario,edegregario4l@businesswire.com,1985-10-08,3:56
Ben,Chillistone,bchillistone4m@usda.gov,2010-02-01,3:25
Dion,Josefs,djosefs4n@vistaprint.com,1976-08-20,8:54
Rinaldo,MacIver,rmaciver4o@studiopress.com,1984-12-31,5:01
Shae,Showering,sshowering4p@yahoo.co.jp,1979-07-06,7:01
Westbrook,Wimp,wwimp4q@bloglines.com,2009-04-14,2:18
Eli,Chambers,echambers4r@photobucket.com,2005-01-05,9:38
Constantin,Kemmer,ckemmer4s@blogspot.com,1974-03-25,2:45
Aluino,De Miranda,ademiranda4t@google.fr,2010-04-18,11:44
Stormie,Wyborn,swyborn4u@symantec.com,1986-04-18,8:58
Estella,Hoopper,ehoopper4v@free.fr,2004-07-08,9:00
Nadine,Renshall,nrenshall4w@independent.co.uk,2004-08-10,3:25
Lorain,Mullane,lmullane4x@imageshack.us,1984-02-16,3:55
Lexis,Venney,lvenney4y@oracle.com,1983-10-17,7:14
Charles,Wesgate,cwesgate4z@gnu.org,2005-08-17,11:16
Ellary,Gaitone,egaitone50@noaa.gov,1982-10-10,3:47
Immanuel,Delleschi,idelleschi51@github.io,1993-07-02,2:05
Olive,Shipton,oshipton52@nifty.com,1995-01-04,2:49
Maryl,Mawson,mmawson53@photobucket.com,2004-04-04,1:33
Ingrid,Jarville,ijarville54@icq.com,2009-10-04,8:34
Ernst,Spraberry,espraberry55@narod.ru,2002-03-06,9:14
Tamera,Vila,tvila56@washingtonpost.com,2005-08-06,6:43
Selene,Giabuzzi,sgiabuzzi57@nhs.uk,1973-03-19,5:34
Thorn,Veysey,tveysey58@europa.eu,1975-01-07,5:30
Jeddy,Daud,jdaud59@jugem.jp,1977-07-07,2:44
Fanchon,Borgnet,fborgnet5a@answers.com,1982-06-08,4:26
Lynnea,Wattisham,lwattisham5b@edublogs.org,1973-03-18,3:01
Coleman,Gerhartz,cgerhartz5c@bloglines.com,1980-12-08,5:23
Sheba,Bishopp,sbishopp5d@i2i.jp,2001-08-13,3:03
Gerty,Flea,gflea5e@twitpic.com,2005-10-16,11:57
Sapphire,Harrie,sharrie5f@samsung.com,2000-04-03,10:42
Adrien,Dillet,adillet5g@ed.gov,1980-07-23,2:11
Freddie,McKeady,fmckeady5h@eventbrite.com,1974-12-20,4:20
Helaina,Eudall,heudall5i@yelp.com,1997-02-14,6:52
Toiboid,Bramsen,tbramsen5j@dell.com,2000-03-21,7:11
Tandy,Leeke,tleeke5k@livejournal.com,2004-01-21,10:21
Dur,Inde,dinde5l@sohu.com,1997-09-18,10:58
Marty,Dionisetti,mdionisetti5m@amazon.de,1976-01-29,4:04
Vassily,Bax,vbax5n@reddit.com,1973-06-07,2:57
Patrick,Thebeau,pthebeau5o@bloglines.com,1977-03-18,4:12
Peg,Maureen,pmaureen5p@eventbrite.com,2003-07-06,10:19
Sonya,Carrabott,scarrabott5q@chicagotribune.com,1980-02-22,7:31
Marnie,Lamborne,mlamborne5r@jiathis.com,1990-12-29,6:21
Laurent,Matussov,lmatussov5s@yolasite.com,1993-04-28,10:49
Fifine,Suckling,fsuckling5t@imgur.com,1989-11-09,3:31
Stephen,Cochrane,scochrane5u@nature.com,1978-06-28,5:34
Terrye,Bacher,tbacher5v@bbb.org,1985-05-26,11:31
Danit,Zannolli,dzannolli5w@netscape.com,2002-07-09,11:24
Arney,Trevascus,atrevascus5x@jugem.jp,2006-06-20,8:07
Madlen,Burtwell,mburtwell5y@globo.com,1976-03-26,4:23
Gunter,Flaubert,gflaubert5z@pinterest.com,1975-10-01,1:01
Barnabe,Huckfield,bhuckfield60@businessweek.com,1977-03-28,3:01
Berni,Keaysell,bkeaysell61@bizjournals.com,1999-02-11,2:23
Fraser,Keirle,fkeirle62@wunderground.com,1976-08-14,7:59
Mirelle,Dan,mdan63@bloomberg.com,2009-01-23,1:39
Rogers,Redfern,rredfern64@mapquest.com,1992-08-02,5:13
Barbee,Betteriss,bbetteriss65@accuweather.com,1999-04-29,5:31
Beniamino,Elsegood,belsegood66@discovery.com,1991-09-19,4:49
Micah,Kemet,mkemet67@issuu.com,1996-06-02,2:39
Miranda,Leeburne,mleeburne68@archive.org,1971-08-11,9:24
Terrye,Buckles,tbuckles69@desdev.cn,1985-06-13,11:59
Flem,Shimon,fshimon6a@dagondesign.com,1982-09-23,1:20
Galen,Calven,gcalven6b@prlog.org,1983-05-13,5:10
Claudie,Elvey,celvey6c@printfriendly.com,1976-05-10,11:39
Kaile,Unger,kunger6d@mail.ru,2010-07-29,6:38
Cheslie,Dohrmann,cdohrmann6e@topsy.com,1985-11-20,6:52
Simonette,Breeze,sbreeze6f@cam.ac.uk,1990-09-08,9:39
Garner,Klossek,gklossek6g@theatlantic.com,2000-05-30,8:52
Nicholle,Klulicek,nklulicek6h@angelfire.com,1984-09-18,2:48
Merill,Biddiss,mbiddiss6i@scientificamerican.com,2006-09-10,4:47
Bell,Petchey,bpetchey6j@hostgator.com,2002-12-17,4:20
Constantin,Gleasane,cgleasane6k@foxnews.com,2002-02-05,3:48
Jan,Stothart,jstothart6l@eepurl.com,2006-07-24,8:27
Johan,Neames,jneames6m@comsenz.com,1978-07-24,11:09
Malissia,Vost,mvost6n@symantec.com,1977-05-14,9:52
Domenico,Andrzejewski,dandrzejewski6o@barnesandnoble.com,2001-07-11,7:02
Salomone,Havile,shavile6p@businessweek.com,1998-12-19,10:30
Olive,McMorran,omcmorran6q@ted.com,1993-10-09,8:33
Jerrold,Wenman,jwenman6r@nps.gov,1984-02-18,7:58
Zsazsa,Bartosch,zbartosch6s@house.gov,1976-02-15,10:34
Svend,Collihole,scollihole6t@canalblog.com,1997-02-19,10:17
Rosaleen,Mudle,rmudle6u@ycombinator.com,1985-07-08,10:03
Oralee,Geillier,ogeillier6v@loc.gov,2000-06-10,8:33
Jobye,Tevlin,jtevlin6w@nyu.edu,1974-03-27,3:28
Hubert,Burditt,hburditt6x@simplemachines.org,1994-05-27,6:54
Belia,Shelford,bshelford6y@360.cn,1975-02-03,10:08
Harbert,O'Connor,hoconnor6z@baidu.com,2000-10-23,1:40
Stefano,Baines,sbaines70@is.gd,2009-10-26,9:04
Janna,Terney,jterney71@vkontakte.ru,1978-11-22,2:32
Renate,Jirka,rjirka72@jigsy.com,1989-10-19,11:58
Gayel,Marielle,gmarielle73@seattletimes.com,1983-04-01,9:09
Joscelin,Langrish,jlangrish74@wikia.com,2010-12-13,4:47
Carri,Osgar,cosgar75@e-recht24.de,1992-09-18,8:22
Werner,Grandison,wgrandison76@netscape.com,2004-04-03,4:47
Orton,Pettwood,opettwood77@wix.com,1974-01-15,1:39
Tani,Hengoed,thengoed78@cbslocal.com,1973-04-04,2:12
Brig,Maudett,bmaudett79@amazon.de,1999-11-22,8:42
Sheena,Peckett,speckett7a@opera.com,1977-05-23,2:02
Alisander,Dart,adart7b@vimeo.com,1995-09-29,7:44
Somerset,Worsnip,sworsnip7c@odnoklassniki.ru,1976-04-08,8:02
Abba,Clissett,aclissett7d@google.ru,2002-12-05,10:05
Shannan,Givens,sgivens7e@youtu.be,1972-03-19,7:22
Diahann,Jodlowski,djodlowski7f@prnewswire.com,1988-06-04,4:54
Lula,Guiot,lguiot7g@delicious.com,1979-09-28,3:59
Dexter,Handy,dhandy7h@youtu.be,1986-09-23,7:12
Christan,Lazar,clazar7i@imdb.com,1998-11-04,3:47
Bettine,Mitie,bmitie7j@prnewswire.com,1997-12-20,4:54
Kalli,Cave,kcave7k@noaa.gov,1977-04-01,7:37
Ban,Beavers,bbeavers7l@disqus.com,1986-04-26,4:43
Camey,Robeiro,crobeiro7m@flavors.me,2005-02-02,8:14
Agatha,McPaike,amcpaike7n@ycombinator.com,1973-01-12,4:23
Cherilyn,Samuel,csamuel7o@hugedomains.com,1981-08-21,6:32
Rosco,Rigate,rrigate7p@exblog.jp,2010-07-30,5:14
Yolanda,Elden,yelden7q@smugmug.com,1985-09-03,2:25
Silas,Langran,slangran7r@sakura.ne.jp,1986-08-12,10:00
Oran,Ghent,oghent7s@oaic.gov.au,2006-12-30,7:25
Rhys,Callar,rcallar7t@1688.com,1991-10-28,1:07
Mathias,Faherty,mfaherty7u@dagondesign.com,1993-12-16,7:24
Ingeberg,Tregenza,itregenza7v@usatoday.com,2004-05-08,2:34
Jarrett,Sarfass,jsarfass7w@people.com.cn,1994-10-29,7:08
Tate,Danielczyk,tdanielczyk7x@cargocollective.com,2004-03-24,8:53
Kevin,Harkes,kharkes7y@scribd.com,1986-07-12,10:26
Savina,Happs,shapps7z@ebay.co.uk,1987-07-12,11:52
Ajay,Graveston,agraveston80@newsvine.com,1985-08-04,3:43
Virgie,Garred,vgarred81@mapquest.com,1995-08-20,2:02
Lynett,De Caroli,ldecaroli82@smugmug.com,1976-10-16,5:31
Addia,Cottier,acottier83@wikipedia.org,1977-05-09,10:19
Almeta,Krolman,akrolman84@feedburner.com,1985-01-23,7:26
Carl,Westfield,cwestfield85@chron.com,1972-04-13,2:02
Dewain,Hassekl,dhassekl86@indiegogo.com,1977-05-19,1:56
Skylar,Gabbatiss,sgabbatiss87@senate.gov,1982-10-31,8:34
Ginny,Djakovic,gdjakovic88@blogger.com,1986-12-07,5:51
Thorin,Peotz,tpeotz89@squidoo.com,1983-05-15,7:50
Shawn,Savile,ssavile8a@wordpress.org,1973-04-18,8:02
Randie,Phipps,rphipps8b@tiny.cc,1993-12-23,9:06
Windham,Roff,wroff8c@npr.org,1974-08-01,6:30
Luce,Jancso,ljancso8d@craigslist.org,2010-01-29,5:51
Flo,Ratlee,fratlee8e@mac.com,1984-08-20,7:40
Paddie,Vasilchikov,pvasilchikov8f@wix.com,1993-11-05,9:24
Jerad,Birdwhistle,jbirdwhistle8g@google.ru,1977-05-29,5:32
Tomasina,Cotgrave,tcotgrave8h@cbslocal.com,2002-11-21,8:52
Daffi,Sarson,dsarson8i@imdb.com,1987-04-24,2:08
Oran,Cato,ocato8j@geocities.jp,1975-12-06,5:55
Jesse,Mulloch,jmulloch8k@cnn.com,2005-11-29,9:35
Elyssa,Batrip,ebatrip8l@sfgate.com,1993-07-12,4:33
Velvet,Androsik,vandrosik8m@sina.com.cn,1999-03-31,6:05
Ailis,Fluck,afluck8n@telegraph.co.uk,1981-06-24,1:26
Elsworth,Benedick,ebenedick8o@mozilla.com,1990-06-30,7:19
Broddy,Corbridge,bcorbridge8p@springer.com,2009-03-22,7:11
Lola,Sultan,lsultan8q@skype.com,1999-07-21,10:16
Carolus,McCallum,cmccallum8r@mediafire.com,1976-08-13,6:36
Augie,Swansbury,aswansbury8s@guardian.co.uk,1992-10-18,4:36
Ellwood,Nye,enye8t@google.de,1971-06-21,6:23
Omar,Pietroni,opietroni8u@bloglovin.com,1999-03-01,10:14
Krystyna,Itzchaki,kitzchaki8v@taobao.com,1986-12-26,5:03
Collete,Ranscombe,cranscombe8w@fema.gov,2002-03-08,7:41
Danell,Mitchel,dmitchel8x@disqus.com,1991-07-18,4:21
Matt,Bettison,mbettison8y@ftc.gov,1997-04-18,3:26
Mitzi,Openshaw,mopenshaw8z@oakley.com,1984-03-11,9:53
Deck,Orrell,dorrell90@squarespace.com,2009-01-21,2:03
Mara,Cavanagh,mcavanagh91@webnode.com,2002-10-22,1:08
Reyna,Jeffrey,rjeffrey92@yahoo.com,2001-10-23,3:07
Cheston,Dyhouse,cdyhouse93@networksolutions.com,2004-02-22,11:50
Godfry,Conkling,gconkling94@1688.com,1980-11-09,9:42
Fredia,Flatt,fflatt95@va.gov,1994-05-16,6:41
Jeni,Eykel,jeykel96@dailymotion.com,1986-07-29,8:10
Thomasa,Cassel,tcassel97@nhs.uk,1987-04-21,1:09
Farra,Czaple,fczaple98@shareasale.com,1978-11-08,3:58
Shandee,Mayston,smayston99@google.es,1994-03-27,2:07
Birk,Hekkert,bhekkert9a@yellowpages.com,1985-01-28,4:20
Herbie,Stooders,hstooders9b@fda.gov,1977-08-02,3:57
Wildon,Eidler,weidler9c@nymag.com,1994-05-17,8:13
Sigmund,Bendel,sbendel9d@bbb.org,2009-05-20,7:54
Raymund,Alekhov,ralekhov9e@answers.com,1993-07-19,5:43
Ewart,Belcher,ebelcher9f@edublogs.org,2001-05-20,3:01
Joshuah,Berthon,jberthon9g@who.int,1989-05-11,11:11
Lorrin,Braunston,lbraunston9h@dion.ne.jp,1990-06-26,6:56
Ham,Wingrove,hwingrove9i@netvibes.com,1979-06-06,8:52
Willdon,Dunphie,wdunphie9j@fc2.com,1977-10-11,6:10
Mandel,Neilson,mneilson9k@bandcamp.com,1988-12-03,8:19
Melisent,Mollene,mmollene9l@123-reg.co.uk,2008-08-15,3:31
Barbara-anne,Tennison,btennison9m@hatena.ne.jp,2001-05-09,10:53
Davine,Newhouse,dnewhouse9n@merriam-webster.com,2004-12-15,8:08
Marin,Willerton,mwillerton9o@hc360.com,1979-07-18,6:52
Roseanna,Bagby,rbagby9p@liveinternet.ru,1973-04-17,2:04
Ediva,Faber,efaber9q@plala.or.jp,1993-05-03,7:41
Corina,Plaice,cplaice9r@oracle.com,2000-10-27,3:44
Fabian,Potbury,fpotbury9s@slideshare.net,1979-03-19,6:30
Pierce,Constanza,pconstanza9t@buzzfeed.com,1997-09-22,5:26
Silvana,Rau,srau9u@wsj.com,1982-05-11,5:12
Celie,Arnaudin,carnaudin9v@java.com,1998-05-30,8:59
Lanie,Hastwall,lhastwall9w@booking.com,2001-02-16,1:07
Christal,Clayworth,cclayworth9x@dailymotion.com,1990-10-12,4:03
Fernando,Tyrwhitt,ftyrwhitt9y@cnet.com,1983-12-22,8:16
Wanda,Ellens,wellens9z@eepurl.com,1992-10-28,10:41
Kele,Diver,kdivera0@delicious.com,1990-08-02,7:03
Bronson,Harvey,bharveya1@cbsnews.com,1979-12-11,6:38
Edee,Bene,ebenea2@pinterest.com,1991-01-05,5:28
Jacenta,Crix,jcrixa3@google.pl,2002-04-17,5:07
Norman,Mahady,nmahadya4@prnewswire.com,1971-02-13,4:49
Tommie,Prester,tprestera5@bluehost.com,1997-10-08,4:47
Marybeth,Prugel,mprugela6@google.cn,2008-06-18,9:28
Salome,Dobby,sdobbya7@google.cn,1986-08-20,5:06
Joel,Delmage,jdelmagea8@amazon.com,1978-06-14,9:39
Allix,Bryant,abryanta9@cbc.ca,2003-02-17,10:20
Jobey,Tomney,jtomneyaa@phoca.cz,1983-07-20,11:20
Westbrook,Dellow,wdellowab@ftc.gov,2008-11-13,11:15
Leia,Raison,lraisonac@privacy.gov.au,1974-10-29,7:44
Halsy,Ingle,hinglead@ihg.com,1995-12-29,7:47
Mata,Gallaher,mgallaherae@earthlink.net,1982-09-19,7:37
Arlyne,Van der Daal,avanderdaalaf@nih.gov,1982-11-25,7:34
Lily,Brouwer,lbrouwerag@mozilla.com,2002-07-29,4:10
Jerrome,Jindracek,jjindracekah@wisc.edu,1987-02-20,1:35
Korie,D'Adda,kdaddaai@hostgator.com,1975-11-05,2:54
Madeleine,Brasse,mbrasseaj@ehow.com,2007-10-29,1:50
Linea,Tooth,ltoothak@addtoany.com,1973-11-22,10:51
Udall,Foat,ufoatal@ucsd.edu,1984-06-27,6:02
Elisabeth,Sutherland,esutherlandam@cpanel.net,1992-10-03,5:24
Huntington,Melsome,hmelsomean@technorati.com,2008-04-17,8:05
Erl,Smedmoor,esmedmoorao@prlog.org,1976-08-02,6:50
Janot,Gatward,jgatwardap@cnn.com,2009-10-28,9:46
Clovis,Thornham,cthornhamaq@army.mil,1983-01-01,5:05
Raf,Rielly,rriellyar@pen.io,1986-08-24,9:58
Jacklyn,Sleightholm,jsleightholmas@soup.io,1976-04-23,5:27
Faith,Tuffield,ftuffieldat@vkontakte.ru,1987-07-21,1:25
Carine,Ouldred,couldredau@altervista.org,1971-04-26,1:00
Ame,Castagnier,acastagnierav@yelp.com,1981-11-17,7:18
Maud,Adriani,madrianiaw@github.io,1994-08-01,2:34
Thaddeus,Grayson,tgraysonax@google.co.uk,1983-04-12,8:14
Renado,Whitten,rwhittenay@soundcloud.com,1986-08-03,3:39
Palmer,Honacker,phonackeraz@bbb.org,1994-04-19,10:52
Salli,Stallybrass,sstallybrassb0@google.cn,1999-01-27,8:29
Ettore,Bamber,ebamberb1@marketwatch.com,2007-07-27,11:21
Lancelot,Ratchford,lratchfordb2@aboutads.info,2003-01-17,6:14
Lucinda,Ravilus,lravilusb3@discuz.net,2007-05-28,11:13
Asia,Godwyn,agodwynb4@icq.com,1991-09-22,11:00
Casar,Palfrie,cpalfrieb5@netvibes.com,1982-05-30,4:03
Mauricio,Buckeridge,mbuckeridgeb6@about.com,1999-07-17,7:18
Giorgia,Mishaw,gmishawb7@rambler.ru,2000-11-28,1:17
Sayre,Avramovic,savramovicb8@wikipedia.org,1977-05-26,5:10
Berget,Crosio,bcrosiob9@people.com.cn,1980-09-24,6:42
Baudoin,Clemonts,bclemontsba@1688.com,2001-02-22,6:20
Jean,Crust,jcrustbb@comsenz.com,1979-02-01,9:37
Dalis,Pedwell,dpedwellbc@slate.com,1982-07-08,10:15
Dewain,Ketts,dkettsbd@hc360.com,1991-04-08,2:54
Carree,Shearsby,cshearsbybe@latimes.com,2007-01-01,9:18
Sarina,Hulse,shulsebf@symantec.com,2004-10-21,3:36
Lara,Rickeard,lrickeardbg@washington.edu,2000-03-28,2:49
Sibylla,Oldmeadow,soldmeadowbh@e-recht24.de,1976-04-05,4:05
Mathilde,Bowskill,mbowskillbi@va.gov,1996-05-07,7:29
Esteban,Paddison,epaddisonbj@nydailynews.com,2010-06-27,9:44
Mignon,Mulder,mmulderbk@biblegateway.com,1977-11-21,8:08
Padraic,Croad,pcroadbl@creativecommons.org,1997-01-28,9:07
Rozanne,Blum,rblumbm@businessinsider.com,1995-02-09,6:07
Dixie,Gariff,dgariffbn@buzzfeed.com,1987-06-19,8:06
Jewel,Sheering,jsheeringbo@tmall.com,2009-01-04,7:14
Gerald,Isaaksohn,gisaaksohnbp@simplemachines.org,2000-02-12,1:12
Tedra,L'Episcopio,tlepiscopiobq@psu.edu,1972-06-08,2:33
Ingaborg,MacKeig,imackeigbr@sfgate.com,2008-01-12,10:05
Hadley,MacColl,hmaccollbs@acquirethisname.com,1980-03-14,9:45
Gustaf,McClay,gmcclaybt@ameblo.jp,1980-06-27,4:11
Sloan,Gobel,sgobelbu@boston.com,2005-06-16,1:25
Carla,Caddie,ccaddiebv@smh.com.au,1984-02-15,3:09
Lydon,Whittle,lwhittlebw@microsoft.com,1973-04-02,9:59
Glynda,Konneke,gkonnekebx@yellowpages.com,2002-07-29,6:02
Tedi,Lowers,tlowersby@amazon.co.uk,1993-09-18,2:58
Florian,Fitchell,ffitchellbz@github.com,2004-02-17,10:38
Stepha,Blease,sbleasec0@patch.com,1993-05-27,8:36
Averill,Roeby,aroebyc1@huffingtonpost.com,2000-06-01,6:51
Harland,Schiell,hschiellc2@admin.ch,1993-11-25,6:40
Madelin,Amiss,mamissc3@etsy.com,1989-12-20,10:47
Brewster,Morot,bmorotc4@moonfruit.com,1989-05-30,8:38
Conney,Novkovic,cnovkovicc5@deviantart.com,1977-09-09,5:46
Monica,Darte,mdartec6@ning.com,1999-10-31,11:38
Si,De-Ville,sdevillec7@mysql.com,1993-06-08,7:55
Natale,Fennessy,nfennessyc8@ted.com,1992-01-11,1:50
Izaak,Gracewood,igracewoodc9@bbb.org,2008-10-29,11:05
Colleen,Simkin,csimkinca@springer.com,1989-07-18,1:43
Hedda,Caunce,hcauncecb@tiny.cc,1990-10-31,3:12
Perry,von Grollmann,pvongrollmanncc@i2i.jp,2000-08-18,7:02
Sandra,O'Dempsey,sodempseycd@goo.gl,1997-04-02,11:37
Melisandra,Strettell,mstrettellce@1688.com,1977-06-12,9:39
Theodoric,Manketell,tmanketellcf@printfriendly.com,1976-06-09,5:47
Ashley,Shapira,ashapiracg@wikimedia.org,2002-11-23,8:07
Andy,Papa,apapach@e-recht24.de,2004-01-20,4:51
Gussie,Dawidsohn,gdawidsohnci@edublogs.org,2001-10-05,6:48
Velma,Conichie,vconichiecj@oracle.com,1995-08-12,3:26
Arley,Walter,awalterck@columbia.edu,1998-01-18,3:46
Lyndsie,Blowin,lblowincl@alexa.com,1975-05-28,3:20
Sherman,Sycamore,ssycamorecm@oakley.com,1991-08-10,6:38
Adan,Sigert,asigertcn@fotki.com,2006-07-15,10:47
Malinde,Summerskill,msummerskillco@loc.gov,1980-09-18,11:28
Efren,Paraman,eparamancp@guardian.co.uk,2009-02-13,10:53
Sayer,Kearford,skearfordcq@go.com,1972-07-24,11:49
Valentin,Giordano,vgiordanocr@arizona.edu,1978-07-09,4:04
Anne,Hubach,ahubachcs@businessweek.com,1973-03-11,3:52
Pearline,Davitt,pdavittct@nbcnews.com,1996-09-28,6:13
Tabbie,Belford,tbelfordcu@liveinternet.ru,1976-08-16,6:07
Abeu,Freddi,afreddicv@unicef.org,1980-05-14,2:50
Garald,Simnell,gsimnellcw@china.com.cn,2002-09-30,8:21
Terrel,Collelton,tcolleltoncx@cdc.gov,1980-03-12,6:57
Lorry,Bollis,lbolliscy@artisteer.com,1974-09-13,6:56
Corrie,Synan,csynancz@sogou.com,1993-04-22,6:19
Evanne,Raiman,eraimand0@slideshare.net,2000-06-09,1:00
Dasha,Isaac,disaacd1@livejournal.com,1973-09-08,9:08
Silvanus,Hudel,shudeld2@ycombinator.com,1972-03-02,2:47
Conant,Sawer,csawerd3@fastcompany.com,1981-11-14,9:34
Arlyne,Briand,abriandd4@businessweek.com,1970-12-24,4:17
Magdalene,Geane,mgeaned5@abc.net.au,2006-09-08,10:04
Alanna,Fenelow,afenelowd6@marriott.com,1981-01-29,9:40
Sam,Lawlor,slawlord7@nature.com,1979-08-02,9:05
Ethelind,Mears,emearsd8@fotki.com,1977-10-08,4:45
Auberta,Sabbatier,asabbatierd9@ezinearticles.com,1973-05-22,11:08
Lonnard,Dunlop,ldunlopda@nydailynews.com,1980-09-11,6:29
Shani,Ginity,sginitydb@nationalgeographic.com,1989-05-13,3:14
Olly,Antoniak,oantoniakdc@examiner.com,1998-04-05,8:49
Olivia,Lotterington,olotteringtondd@hhs.gov,1986-09-30,8:44
Terri,Buggs,tbuggsde@pbs.org,1979-04-01,9:03
Emeline,Leven,elevendf@meetup.com,1999-10-31,9:23
Everett,McIlreavy,emcilreavydg@uol.com.br,1987-11-25,5:08
Cariotta,Purkiss,cpurkissdh@weebly.com,2002-02-28,6:37
Lutero,VanBrugh,lvanbrughdi@uol.com.br,1981-03-15,6:23
Jami,Cabral,jcabraldj@illinois.edu,2004-05-08,1:34
Merle,Twine,mtwinedk@devhub.com,2006-08-05,4:02
Cosetta,Glasebrook,cglasebrookdl@hao123.com,1972-01-28,5:05
Stuart,Wiltshire,swiltshiredm@xing.com,2007-09-20,11:09
Sheeree,Odam,sodamdn@facebook.com,1996-02-19,11:19
Baxter,Bahl,bbahldo@house.gov,2004-10-11,3:34
Freemon,Morcombe,fmorcombedp@samsung.com,1972-03-23,6:14
Fabio,Dubock,fdubockdq@themeforest.net,2005-09-02,9:15
Lyndel,Aldin,laldindr@addthis.com,1977-12-12,3:37
Tommy,Leyre,tleyreds@webnode.com,1972-03-17,11:52
Ashleigh,Pracy,apracydt@ustream.tv,2007-03-09,2:01
Curcio,Camus,ccamusdu@microsoft.com,1971-02-10,11:28
Thelma,Wesgate,twesgatedv@biglobe.ne.jp,1971-05-17,5:53
Bobbye,Heintze,bheintzedw@bbb.org,1973-04-01,10:45
Delmar,MacIlhargy,dmacilhargydx@yellowbook.com,1981-02-19,7:07
Una,Wyburn,uwyburndy@list-manage.com,1976-12-05,7:49
Shannah,Uttermare,suttermaredz@cbc.ca,1993-12-10,11:12
Amalie,Cronk,acronke0@wordpress.org,1993-04-14,2:11
Samara,Rash,srashe1@buzzfeed.com,1982-04-30,2:59
Janean,Buckenhill,jbuckenhille2@netlog.com,2008-01-17,4:48
Hurleigh,Plenty,hplentye3@photobucket.com,1999-11-06,11:44
Judie,Coweuppe,jcoweuppee4@who.int,1987-10-11,5:19
Koren,Ceccoli,kceccolie5@acquirethisname.com,1991-03-16,2:44
Fred,Louedey,flouedeye6@amazonaws.com,1973-02-01,11:00
Anica,Lokier,alokiere7@feedburner.com,1971-10-31,4:01
Pierette,Morant,pmorante8@photobucket.com,1989-03-31,10:58
Debera,Paton,dpatone9@businessweek.com,2004-04-22,3:43
Dawn,Hadlington,dhadlingtonea@fastcompany.com,1995-07-26,4:37
Nicolea,Otson,notsoneb@google.es,1992-07-26,8:57
Teena,Klossek,tklossekec@whitehouse.gov,1977-05-11,5:06
Christiano,Minillo,cminilloed@uol.com.br,1973-11-25,2:33
Golda,Dearsley,gdearsleyee@chronoengine.com,1978-06-21,4:19
Ellsworth,Havercroft,ehavercroftef@bloglovin.com,1981-03-24,5:05
Ruth,Grinov,rgrinoveg@jalbum.net,1976-02-16,10:29
Francois,Kinker,fkinkereh@deviantart.com,1978-08-15,5:57
Devinne,Nund,dnundei@gov.uk,1982-06-22,2:58
Janice,McOrkill,jmcorkillej@google.cn,1972-09-11,9:14
Zebadiah,Dicker,zdickerek@pagesperso-orange.fr,1998-07-13,9:52
Francesco,Mortell,fmortellel@chron.com,1979-04-12,1:36
Bill,Tutchell,btutchellem@nsw.gov.au,1972-08-21,3:32
Jemima,Frediani,jfredianien@purevolume.com,2000-06-16,3:31
Margette,Case,mcaseeo@toplist.cz,1993-11-30,1:05
Dewain,Flack,dflackep@scribd.com,2001-07-01,10:34
Carma,Mellish,cmellisheq@foxnews.com,2008-07-24,6:59
Floria,Buessen,fbuessener@woothemes.com,1976-10-31,2:50
Edithe,Pavyer,epavyeres@wordpress.org,1981-11-21,2:53
Giordano,Coultous,gcoultouset@epa.gov,1984-10-07,1:20
Luca,Banasik,lbanasikeu@google.ca,1978-07-31,2:25
Tadeas,Gristwood,tgristwoodev@xrea.com,2010-11-13,10:47
Clementina,Bursnall,cbursnallew@abc.net.au,1985-05-15,3:58
Conni,Dewsnap,cdewsnapex@cbc.ca,1986-01-22,6:44
Mortimer,Deyenhardt,mdeyenhardtey@fotki.com,2002-04-11,3:20
Rosella,Kibbe,rkibbeez@taobao.com,2000-02-17,7:34
Elfie,Spurdens,espurdensf0@nih.gov,1995-01-10,11:57
Em,Pothbury,epothburyf1@angelfire.com,1978-05-20,6:53
Berkley,Oddie,boddief2@nasa.gov,2000-06-14,1:28
Gran,Hillyatt,ghillyattf3@360.cn,2007-08-28,10:38
Keen,Dot,kdotf4@yelp.com,1976-12-28,5:30
Suzann,Vinson,svinsonf5@wiley.com,1993-08-13,8:48
Viki,MacKonochie,vmackonochief6@hatena.ne.jp,1979-03-31,6:14
Fedora,Krause,fkrausef7@imdb.com,1974-05-13,8:49
Velma,Sansam,vsansamf8@homestead.com,1993-01-03,2:18
Alejandra,Hatt,ahattf9@go.com,1982-02-20,9:09
Clerkclaude,Swindle,cswindlefa@is.gd,1992-03-06,11:26
Thadeus,Buncom,tbuncomfb@themeforest.net,2009-12-29,1:54
Vincenty,Cluckie,vcluckiefc@narod.ru,1992-02-26,5:23
Kamilah,Swayland,kswaylandfd@smugmug.com,1989-03-16,11:41
Decca,Cuningham,dcuninghamfe@elpais.com,2001-12-28,2:22
Juanita,Woodroofe,jwoodroofeff@engadget.com,1984-04-24,5:47
Rogerio,Thames,rthamesfg@fema.gov,2003-12-23,11:26
Pierce,Henke,phenkefh@huffingtonpost.com,1972-03-21,9:02
Isabeau,Matejic,imatejicfi@diigo.com,2007-12-04,6:57
Titos,Lympenie,tlympeniefj@blogger.com,1978-01-27,8:01
Fanechka,Gawkroge,fgawkrogefk@github.io,2008-11-11,11:27
Sally,Worboy,sworboyfl@usnews.com,1997-08-10,3:21
Jermaine,Carnegy,jcarnegyfm@mac.com,1996-04-06,6:28
Che,Sheeres,csheeresfn@nasa.gov,1989-07-20,10:15
Carling,Belding,cbeldingfo@cnn.com,1999-08-17,2:12
Gallard,Duffett,gduffettfp@digg.com,1974-11-13,6:28
Avrom,Hyman,ahymanfq@imdb.com,1987-01-31,9:10
Aloysius,Tregaskis,atregaskisfr@umn.edu,2002-11-17,9:36
Ophelie,Bagnell,obagnellfs@rakuten.co.jp,1973-07-02,9:05
Janetta,Brithman,jbrithmanft@cnn.com,1993-04-12,4:11
Oralle,Bucke,obuckefu@netscape.com,2005-01-18,4:56
Angy,McCullough,amcculloughfv@wsj.com,1978-08-18,9:15
Cory,Pickover,cpickoverfw@cornell.edu,1986-02-09,5:33
Errick,Barham,ebarhamfx@webnode.com,1976-08-22,5:53
Gibby,Rosenwasser,grosenwasserfy@psu.edu,2007-05-19,8:13
Angela,Gosswell,agosswellfz@e-recht24.de,1991-08-11,2:14
Sella,Matteris,smatterisg0@ifeng.com,1989-01-21,8:21
Sherlocke,Howsam,showsamg1@seattletimes.com,2005-08-31,11:04
Colleen,Tracey,ctraceyg2@seesaa.net,2009-02-15,11:26
Margeaux,Coldtart,mcoldtartg3@jigsy.com,1986-02-21,1:30
Matelda,Cattroll,mcattrollg4@wikia.com,1984-03-14,10:31
Rowena,Heffy,rheffyg5@jimdo.com,2004-07-27,11:10
Andria,Wakeford,awakefordg6@cnn.com,1984-02-05,3:27
Justis,Bleything,jbleythingg7@guardian.co.uk,1971-04-29,7:20
Clay,Newlove,cnewloveg8@tuttocitta.it,1994-03-18,5:37
Salomone,Turgoose,sturgooseg9@umn.edu,1973-01-09,5:57
Goober,Scutt,gscuttga@joomla.org,1990-03-21,4:11
Kurt,Slatter,kslattergb@bravesites.com,1977-02-11,8:14
Alford,Radbourne,aradbournegc@google.de,1974-09-27,4:25
Conny,Bossel,cbosselgd@163.com,2009-12-10,9:22
Chlo,Czajkowska,cczajkowskage@yellowpages.com,2005-12-29,2:35
Duffie,Cutajar,dcutajargf@businessinsider.com,1979-07-11,11:45
Lyn,Benne,lbennegg@dmoz.org,2009-05-26,10:57
Leia,Narracott,lnarracottgh@taobao.com,1996-03-20,8:29
Halie,Mafham,hmafhamgi@blogger.com,2004-01-30,3:33
Tiler,Molder,tmoldergj@unc.edu,1984-08-18,7:16
Haroun,Frantz,hfrantzgk@usa.gov,1977-10-21,2:50
Hilda,Mechem,hmechemgl@amazon.co.jp,1998-04-30,9:14
Giffy,Sonner,gsonnergm@usnews.com,2004-11-12,9:39
Gustie,Arnau,garnaugn@t-online.de,1978-09-23,3:03
Malissia,Baldock,mbaldockgo@live.com,2005-12-05,3:00
Sigfrid,Ions,sionsgp@moonfruit.com,1987-08-30,5:41
Emelita,Pitkeathley,epitkeathleygq@hibu.com,1996-06-03,9:37
Kerby,Chettle,kchettlegr@japanpost.jp,2000-08-24,4:09
Pierre,Kuhl,pkuhlgs@dot.gov,1993-09-02,11:41
Abbie,Jupp,ajuppgt@globo.com,1978-12-07,8:16
Luis,Ilyukhov,lilyukhovgu@wunderground.com,1994-04-29,8:03
Erik,Speere,espeeregv@thetimes.co.uk,1975-02-28,6:39
Darda,Mountford,dmountfordgw@mysql.com,1987-03-23,7:07
Breanne,Bewley,bbewleygx@jugem.jp,1973-08-09,1:29
Gail,Ohlsen,gohlsengy@com.com,1989-11-14,3:14
Amie,Napton,anaptongz@fda.gov,1988-12-20,4:47
Gretta,Spalton,gspaltonh0@berkeley.edu,2000-12-07,8:08
Berry,Burcher,bburcherh1@lycos.com,2007-06-14,10:29
Cariotta,Kernan,ckernanh2@java.com,1989-06-07,5:37
Reuben,Shapcott,rshapcotth3@wikimedia.org,1996-06-27,9:24
Fredelia,McKintosh,fmckintoshh4@studiopress.com,1980-06-20,1:59
Melba,Gyver,mgyverh5@toplist.cz,2006-07-13,3:19
Base,Butland,bbutlandh6@rediff.com,1987-12-03,6:36
Joline,Ruppel,jruppelh7@berkeley.edu,1992-11-15,4:04
Erek,Stollwerck,estollwerckh8@sogou.com,1988-10-11,10:33
Ibby,Laden,iladenh9@netvibes.com,1983-04-15,3:43
Gayler,Knapton,gknaptonha@jiathis.com,1982-06-19,1:37
Daniella,Laverty,dlavertyhb@seesaa.net,1991-06-12,9:20
Ron,Kenington,rkeningtonhc@fda.gov,1979-03-16,1:54
Desdemona,De La Cote,ddelacotehd@acquirethisname.com,1977-07-07,7:11
Jillana,Kienl,jkienlhe@google.com,2006-11-19,5:20
Rhonda,Roset,rrosethf@skype.com,1982-11-23,2:24
Silvano,Rigts,srigtshg@diigo.com,1975-06-30,1:02
Hazel,Jaulme,hjaulmehh@cisco.com,1989-02-20,5:43
Shannon,Fellgett,sfellgetthi@4shared.com,1981-07-03,5:04
Elysha,Fenna,efennahj@twitpic.com,2002-12-01,10:57
Arney,Hansel,ahanselhk@scientificamerican.com,2006-06-17,8:19
Tadd,Lamanby,tlamanbyhl@webnode.com,1981-04-29,2:15
Nathanial,Edmundson,nedmundsonhm@issuu.com,1982-08-10,1:56
Addia,Lefeaver,alefeaverhn@aol.com,1978-08-10,7:48
Elfreda,Romaines,eromainesho@yahoo.co.jp,1977-10-03,7:04
Padraic,Feeney,pfeeneyhp@mlb.com,2010-01-25,2:57
Sheri,Shawcross,sshawcrosshq@dion.ne.jp,1976-01-20,3:08
Ted,Mayger,tmaygerhr@discuz.net,1997-06-27,9:25
Donica,Delamar,ddelamarhs@usgs.gov,1991-09-19,2:53
Trude,MacMorland,tmacmorlandht@utexas.edu,1993-04-20,11:56
Vachel,Jeaycock,vjeaycockhu@ftc.gov,1972-07-09,7:47
Feliza,Axcell,faxcellhv@sbwire.com,1979-06-28,7:50
Hallsy,Chapelhow,hchapelhowhw@soundcloud.com,1973-08-18,8:35
Graeme,Facher,gfacherhx@abc.net.au,2006-03-12,11:44
Dalt,Davidou,ddavidouhy@cpanel.net,1995-03-04,4:25
Myer,Foyster,mfoysterhz@cloudflare.com,1983-06-14,6:31
Gareth,Scolding,gscoldingi0@about.com,1979-11-09,5:30
Mil,Bond,mbondi1@tiny.cc,1979-12-15,9:37
Dyana,Schade,dschadei2@godaddy.com,1996-10-14,11:25
Langston,Rhelton,lrheltoni3@dailymail.co.uk,2010-05-08,7:28
Lynde,Hyams,lhyamsi4@java.com,1971-02-18,11:34
Giacobo,Cubin,gcubini5@arizona.edu,1981-12-12,9:08
Ari,Pardal,apardali6@hugedomains.com,1982-12-22,7:02
Carlita,Passie,cpassiei7@privacy.gov.au,1974-07-28,3:55
Hillary,Grigoire,hgrigoirei8@hibu.com,1974-07-01,3:49
Brad,Raynton,brayntoni9@ca.gov,1975-01-13,10:24
Krissy,Duffell,kduffellia@vkontakte.ru,1996-11-08,6:12
Caroline,Brydie,cbrydieib@nasa.gov,1999-02-24,7:45
Lanette,Jori,ljoriic@eventbrite.com,1972-08-15,2:24
Guido,Habershaw,ghabershawid@vimeo.com,2007-04-05,9:38
Jen,Dillway,jdillwayie@washingtonpost.com,1982-09-09,4:49
Francesca,Niese,fnieseif@boston.com,1993-01-14,2:59
Hilliard,Makeswell,hmakeswellig@google.it,2000-03-05,2:56
Larissa,Missenden,lmissendenih@netlog.com,1980-05-22,11:54
Giulio,Cookson,gcooksonii@indiatimes.com,1975-02-21,1:11
Emeline,Kuschek,ekuschekij@wufoo.com,1982-06-19,1:26
Golda,Abbyss,gabbyssik@yelp.com,1978-09-02,2:27
Alleyn,Lawrinson,alawrinsonil@bloomberg.com,2010-01-06,9:10
Ethelyn,McGeagh,emcgeaghim@hubpages.com,1972-02-04,9:44
Dalis,Houtbie,dhoutbiein@ning.com,1996-12-14,6:30
Bel,Poller,bpollerio@acquirethisname.com,2004-08-30,9:13
Forbes,Eglinton,feglintonip@jimdo.com,1990-03-13,6:40
Teddi,Vigrass,tvigrassiq@blogspot.com,1976-05-15,1:58
Valry,Sealand,vsealandir@tripod.com,1995-12-18,3:48
Moss,Grewe,mgreweis@stumbleupon.com,1983-12-04,1:53
Kirby,Waeland,kwaelandit@cyberchimps.com,2001-01-27,5:19
Cathee,Chapell,cchapelliu@examiner.com,1983-08-21,2:20
Leanora,Burkin,lburkiniv@craigslist.org,1973-09-22,5:04
Beale,Ridding,briddingiw@opensource.org,2003-09-08,11:15
Elmira,Fritschmann,efritschmannix@youtube.com,1988-05-01,8:09
Ossie,Tebbet,otebbetiy@tinyurl.com,2002-02-19,1:05
Cherey,Lapthorn,clapthorniz@taobao.com,1973-09-14,8:04
Olive,Portam,oportamj0@hubpages.com,1995-01-11,1:55
Neale,Meryett,nmeryettj1@acquirethisname.com,1979-11-18,5:33
Julissa,Dehn,jdehnj2@sciencedirect.com,1982-08-31,4:32
Kip,Aysh,kayshj3@ted.com,1999-06-15,3:53
Kath,Winsley,kwinsleyj4@homestead.com,2005-06-11,1:01
Devan,Edelman,dedelmanj5@photobucket.com,1978-10-21,11:05
Georgette,Rickeard,grickeardj6@google.co.jp,1989-11-19,10:30
Tan,Sackes,tsackesj7@smh.com.au,1986-08-15,9:39
Wheeler,Schwandermann,wschwandermannj8@tripadvisor.com,1976-12-06,6:36
Doralin,Berzen,dberzenj9@barnesandnoble.com,1988-05-12,3:43
Bridie,Gambell,bgambellja@msn.com,1984-09-05,4:53
Reilly,Bengefield,rbengefieldjb@123-reg.co.uk,1974-07-07,7:49
Georg,Chitty,gchittyjc@123-reg.co.uk,2006-05-21,10:34
Samantha,Hutt,shuttjd@chronoengine.com,1973-01-24,11:59
Brandy,Le Galle,blegalleje@google.de,1993-07-23,1:44
Melody,Fearby,mfearbyjf@cpanel.net,1988-04-29,8:44
Valencia,Aberhart,vaberhartjg@oracle.com,1997-08-17,10:43
Caralie,Shone,cshonejh@hp.com,1987-10-09,9:05
Conroy,La Grange,clagrangeji@independent.co.uk,1997-09-02,4:19
Adella,Di Maggio,adimaggiojj@people.com.cn,1978-06-15,11:47
Dulcia,McGeever,dmcgeeverjk@si.edu,1999-02-13,6:00
Lian,Grunnill,lgrunnilljl@domainmarket.com,1987-12-05,1:29
Layton,Walsh,lwalshjm@barnesandnoble.com,1979-08-14,11:42
Dayna,Axcell,daxcelljn@yellowbook.com,1976-04-23,2:08
Roddie,Laxen,rlaxenjo@nature.com,1993-02-15,4:56
Clementine,Ajam,cajamjp@gravatar.com,1984-10-11,1:01
Rosaline,Bloxholm,rbloxholmjq@wikipedia.org,1980-05-22,1:19
Alphonso,Chastang,achastangjr@rediff.com,2008-03-27,4:30
Nathanil,Manilove,nmanilovejs@nhs.uk,1977-02-14,10:29
Charo,Kuna,ckunajt@shareasale.com,1980-03-14,8:05
Faber,Matthiesen,fmatthiesenju@slate.com,1989-02-07,8:02
Margarete,Crocroft,mcrocroftjv@aol.com,1990-10-19,10:37
Leonid,Hanmore,lhanmorejw@nasa.gov,1991-04-18,10:24
Giorgia,Flockhart,gflockhartjx@bing.com,1976-02-28,2:51
Vivyan,Gavozzi,vgavozzijy@cbc.ca,1994-12-10,7:49
Asher,Skatcher,askatcherjz@miibeian.gov.cn,2010-08-20,11:28
Aubine,Marushak,amarushakk0@artisteer.com,1988-06-23,2:30
Farrand,Shieber,fshieberk1@ucla.edu,2001-09-28,10:54
Christos,Poultney,cpoultneyk2@1688.com,1994-11-12,9:55
Marcela,D'Ambrosio,mdambrosiok3@patch.com,1977-07-01,10:22
Evanne,Matuschek,ematuschekk4@shinystat.com,1982-07-22,6:15
Agustin,Erdis,aerdisk5@reverbnation.com,1984-04-01,4:08
Eugenio,Surr,esurrk6@techcrunch.com,1992-05-12,8:45
Monika,Eyers,meyersk7@mac.com,1974-10-15,4:44
Codee,Schmidt,cschmidtk8@sakura.ne.jp,2010-01-24,5:08
Giacobo,Webermann,gwebermannk9@taobao.com,1991-07-10,9:16
Imelda,Uttermare,iuttermareka@ucsd.edu,1971-05-31,10:38
Hugo,Derrington,hderringtonkb@java.com,1975-02-10,6:57
Tallia,Harwood,tharwoodkc@squidoo.com,1985-07-07,6:10
Bram,Carstairs,bcarstairskd@devhub.com,1975-10-20,6:26
Kora,Caplen,kcaplenke@businesswire.com,2009-12-23,8:58
Wyatan,Oglethorpe,woglethorpekf@e-recht24.de,1988-07-01,8:31
Shandy,Kleiser,skleiserkg@ehow.com,1971-08-27,6:31
Edythe,Stuehmeier,estuehmeierkh@kickstarter.com,1986-02-26,2:37
Dorena,Breslauer,dbreslauerki@angelfire.com,1974-07-01,11:43
Chad,Bradick,cbradickkj@slashdot.org,1977-08-16,10:12
Andrea,Markey,amarkeykk@about.me,1994-04-21,1:53
Kele,McAlinion,kmcalinionkl@yandex.ru,1989-10-17,4:01
Kirby,Danilewicz,kdanilewiczkm@edublogs.org,1977-08-09,7:59
Nicole,Ravillas,nravillaskn@creativecommons.org,1978-09-13,1:36
Chrissy,Choak,cchoakko@imgur.com,2008-11-07,8:37
Britteny,Phoenix,bphoenixkp@yale.edu,2004-03-13,10:42
Jenifer,Toolin,jtoolinkq@globo.com,1974-07-16,11:25
Antoine,Pafford,apaffordkr@nih.gov,1998-04-14,1:30
Veda,Amey,vameyks@businesswire.com,1991-08-12,3:15
Bruis,Matthews,bmatthewskt@cafepress.com,1985-11-11,7:10
Karon,Millom,kmillomku@google.com.br,1971-12-05,5:41
Rebbecca,Himsworth,rhimsworthkv@youtu.be,2003-01-22,2:51
Maxy,Coneybeer,mconeybeerkw@answers.com,1992-03-20,4:11
Jaclyn,Leguay,jleguaykx@nytimes.com,1991-01-17,2:58
Ciro,Buyers,cbuyersky@epa.gov,2000-02-28,11:35
Betti,Trump,btrumpkz@purevolume.com,1996-08-29,4:50
Tamqrah,Coldwell,tcoldwelll0@diigo.com,1986-04-18,5:52
Emmet,Overnell,eovernelll1@homestead.com,2007-12-29,6:09
Emilio,Pearn,epearnl2@ftc.gov,1979-07-12,3:22
Josi,Hardson,jhardsonl3@comsenz.com,2007-03-17,5:47
Teena,Cabane,tcabanel4@exblog.jp,1995-09-19,3:16
Ulick,Uphill,uuphilll5@biblegateway.com,1998-09-12,11:31
Bernadine,Drohun,bdrohunl6@house.gov,1976-08-12,5:34
Nealson,Glasard,nglasardl7@blog.com,1981-07-09,6:10
Yvette,Claesens,yclaesensl8@friendfeed.com,1985-12-08,10:38
Osbourne,Dudley,odudleyl9@skype.com,1984-03-28,9:56
Tammi,Akhurst,takhurstla@home.pl,1988-12-05,7:37
Vergil,Gottelier,vgottelierlb@tiny.cc,2008-08-26,11:31
Briny,Coniff,bconifflc@discovery.com,1979-12-24,7:07
Dalia,Badby,dbadbyld@squidoo.com,2005-08-27,11:07
Waylen,Swancott,wswancottle@ft.com,1980-09-27,1:25
Briney,Toms,btomslf@wiley.com,1979-12-26,9:27
Parsifal,Casham,pcashamlg@google.it,1970-12-21,4:01
Brandyn,Theunissen,btheunissenlh@techcrunch.com,1990-06-22,9:20
Chrystel,Yitzowitz,cyitzowitzli@phoca.cz,2002-12-03,2:06
Evered,Vinnicombe,evinnicombelj@printfriendly.com,1990-04-25,8:48
Janet,Kubecka,jkubeckalk@cam.ac.uk,2007-01-28,8:24
Morton,De Blasiis,mdeblasiisll@cnn.com,1997-06-06,8:04
Gabi,Gopsall,ggopsalllm@marriott.com,1980-04-01,8:00
Garald,Loache,gloacheln@bigcartel.com,1989-09-04,10:26
Creigh,Jasik,cjasiklo@spotify.com,1978-12-24,9:00
Devina,Borzoni,dborzonilp@weather.com,1971-01-13,3:15
Helaina,Braywood,hbraywoodlq@china.com.cn,1974-03-09,2:00
Udall,Smorthit,usmorthitlr@tiny.cc,1989-08-27,2:59
Louisa,Tunnacliffe,ltunnacliffels@yahoo.com,1991-07-10,6:55
Filide,Halewood,fhalewoodlt@youtu.be,1983-12-03,9:37
Gustave,Rostern,grosternlu@nba.com,1974-01-18,11:17
Orel,Smalley,osmalleylv@bloglines.com,1981-09-03,8:09
Wandis,Lauderdale,wlauderdalelw@reverbnation.com,2007-08-20,7:18
Granny,Dahlen,gdahlenlx@mayoclinic.com,1980-12-11,2:21
Leigh,De Anesy,ldeanesyly@theguardian.com,1976-11-11,6:50
Kimmie,Steanyng,ksteanynglz@theglobeandmail.com,1980-09-08,3:23
Terza,Rajchert,trajchertm0@state.tx.us,1987-08-21,11:04
Teddie,Boken,tbokenm1@si.edu,1979-04-07,7:54
Hiram,Klisch,hklischm2@hubpages.com,2001-10-25,11:52
Georgena,Condie,gcondiem3@xing.com,1978-10-18,3:48
Robinette,Weinham,rweinhamm4@pinterest.com,1976-05-06,1:37
Suki,Riggulsford,sriggulsfordm5@va.gov,1978-06-23,5:38
Ly,Upstone,lupstonem6@storify.com,1979-04-18,3:37
Carri,Hawkyens,chawkyensm7@sphinn.com,1973-01-10,10:12
Ailis,Carleton,acarletonm8@marriott.com,1983-07-07,8:34
Bowie,Carnell,bcarnellm9@printfriendly.com,1994-07-23,1:31
Tabina,Heare,thearema@earthlink.net,1975-01-25,11:13
Sheryl,Stothert,sstothertmb@google.com.au,2006-07-28,3:53
Elyse,Brimilcome,ebrimilcomemc@phpbb.com,1993-09-26,9:06
Dana,Disman,ddismanmd@ow.ly,2008-05-14,8:40
Ruth,Rigard,rrigardme@shinystat.com,1978-12-11,6:49
Grange,Dilland,gdillandmf@cam.ac.uk,1994-04-30,3:20
Granville,Mesnard,gmesnardmg@hubpages.com,1989-05-18,1:20
Gael,Pashba,gpashbamh@twitter.com,1974-03-13,11:12
Muhammad,Hayden,mhaydenmi@apache.org,2000-07-13,10:34
Sheridan,Toretta,storettamj@prnewswire.com,2002-02-09,4:11
Fax,Parncutt,fparncuttmk@weather.com,1999-01-07,8:13
Northrup,Gillespie,ngillespieml@princeton.edu,1995-06-16,8:14
Natasha,Thyer,nthyermm@behance.net,2009-06-25,7:35
Dew,Doers,ddoersmn@gmpg.org,2005-10-12,1:11
Hercule,Price,hpricemo@prlog.org,2002-01-23,8:04
Henrietta,Cromleholme,hcromleholmemp@mediafire.com,2002-12-29,7:55
Fredrika,Bassford,fbassfordmq@blogger.com,1980-03-26,2:42
Mikel,Spridgeon,mspridgeonmr@un.org,2006-08-04,3:04
Rolph,Tyrwhitt,rtyrwhittms@amazon.co.jp,1996-06-24,5:55
Alexandr,Klosa,aklosamt@arstechnica.com,1991-09-18,6:55
Dacie,Fullbrook,dfullbrookmu@bloglines.com,1983-09-10,7:48
Roselle,Ovendon,rovendonmv@pen.io,2002-10-13,5:38
Poppy,Rotter,prottermw@bbc.co.uk,2004-08-07,3:13
Quincey,Dalziel,qdalzielmx@domainmarket.com,2006-04-23,2:17
Delcine,Valentin,dvalentinmy@exblog.jp,2004-10-08,10:33
Rebecca,Londors,rlondorsmz@behance.net,1974-04-24,4:04
Rosemary,Leigh,rleighn0@walmart.com,2010-12-17,2:48
Averyl,Oldroyde,aoldroyden1@simplemachines.org,1992-07-22,2:09
Kin,Pipet,kpipetn2@shareasale.com,1974-05-21,1:12
Eileen,Hebbron,ehebbronn3@networkadvertising.org,1972-12-22,7:36
Wallis,Eardley,weardleyn4@wordpress.com,2008-03-15,6:00
Ailbert,Grigori,agrigorin5@google.de,1972-07-08,1:45
Nedda,Grealy,ngrealyn6@gmpg.org,1977-02-07,4:52
Gaylene,Fagg,gfaggn7@cbslocal.com,2001-06-11,2:18
Sigmund,Gammie,sgammien8@canalblog.com,2010-01-09,2:28
Kim,Allam,kallamn9@histats.com,1997-09-15,1:45
Joelynn,Greason,jgreasonna@eepurl.com,1996-07-14,3:55
Standford,Peer,speernb@jigsy.com,1976-05-03,7:39
Tiffany,Lillie,tlillienc@spiegel.de,2009-01-05,6:57
Collete,Asquez,casqueznd@marriott.com,1974-06-02,1:12
Danice,Genese,dgenesene@google.cn,1990-11-29,5:17
Carlie,Gerkens,cgerkensnf@istockphoto.com,1985-12-03,7:37
Adah,Faithorn,afaithornng@amazon.de,1975-01-25,5:23
Lindsey,Rowden,lrowdennh@economist.com,1971-05-27,10:54
Roch,Jerke,rjerkeni@nymag.com,1994-07-23,3:33
Ronny,Fumagall,rfumagallnj@typepad.com,2005-11-19,6:44
Candi,Draye,cdrayenk@statcounter.com,1995-06-24,11:25
Felicia,Mulchrone,fmulchronenl@4shared.com,1997-01-15,1:49
Antons,Critcher,acritchernm@miibeian.gov.cn,1991-11-10,5:35
Susanna,Axon,saxonnn@multiply.com,1975-08-09,7:01
Philly,Gandey,pgandeyno@mozilla.com,1988-10-28,6:02
Annette,Wolters,awoltersnp@dailymail.co.uk,1993-12-20,5:37
Rockwell,Hamberston,rhamberstonnq@wsj.com,2006-11-05,10:19
Leonelle,Keeley,lkeeleynr@reference.com,1999-10-06,2:57
Scott,Avrashin,savrashinns@weibo.com,2000-07-11,10:59
Dorolice,Causon,dcausonnt@booking.com,1978-10-09,9:15
Wolfy,Shooter,wshooternu@nifty.com,1992-03-29,6:22
Bartolomeo,Haselgrove,bhaselgrovenv@home.pl,1994-02-20,7:21
Marisa,Hackney,mhackneynw@arstechnica.com,1981-07-12,10:45
Georgianne,Nourse,gnoursenx@ucsd.edu,2008-03-18,11:48
Blayne,Tattersall,btattersallny@globo.com,1973-06-05,5:42
Juliette,Eayres,jeayresnz@cnbc.com,1988-10-09,2:51
Aloisia,Dibble,adibbleo0@cargocollective.com,1999-09-06,8:44
Alexina,Salaman,asalamano1@cbc.ca,2007-06-20,11:23
Glendon,Spearett,gspearetto2@europa.eu,1992-01-26,1:06
Arney,Maciak,amaciako3@woothemes.com,2006-01-24,9:36
Dermot,Hovel,dhovelo4@dailymail.co.uk,1991-09-30,9:14
Nikolai,Spinks,nspinkso5@lycos.com,1996-08-25,4:25
Crista,Gwinnel,cgwinnelo6@reuters.com,1971-02-21,4:27
Domeniga,Blurton,dblurtono7@admin.ch,1993-07-31,5:01
Reiko,Halburton,rhalburtono8@blogtalkradio.com,1977-04-08,8:12
Breanne,Braffington,bbraffingtono9@parallels.com,1972-11-13,10:34
Gabbi,Smallridge,gsmallridgeoa@kickstarter.com,1994-08-07,8:37
Willi,Timmins,wtimminsob@theatlantic.com,1981-05-18,6:39
Susanna,Lauridsen,slauridsenoc@ibm.com,1984-08-12,9:57
Kathi,Fedynski,kfedynskiod@gov.uk,1973-09-13,11:08
Jermaine,Crighton,jcrightonoe@thetimes.co.uk,2008-04-21,2:41
Artemis,Grimsditch,agrimsditchof@bloglines.com,1978-08-04,5:26
Yoko,Rice,yriceog@nyu.edu,2000-04-29,11:25
Hatty,Czadla,hczadlaoh@linkedin.com,2008-12-17,11:45
Nathalia,Purdy,npurdyoi@myspace.com,2007-01-05,11:08
Minnie,Sendley,msendleyoj@rediff.com,1989-10-29,4:48
Maxim,Oade,moadeok@twitter.com,1989-01-01,2:11
Lenard,Hughesdon,lhughesdonol@desdev.cn,1978-12-02,8:45
Antoinette,Dundridge,adundridgeom@shutterfly.com,2007-03-30,9:45
Isahella,Alessandrini,ialessandrinion@weather.com,1972-02-02,3:22
Dorelia,Foystone,dfoystoneoo@techcrunch.com,2001-05-27,6:32
Karalee,Woolmer,kwoolmerop@wordpress.org,1976-03-06,5:44
Alleen,Beckers,abeckersoq@statcounter.com,1978-04-16,2:38
Innis,Dymond,idymondor@nbcnews.com,1977-12-08,3:52
Madelon,Goodbanne,mgoodbanneos@meetup.com,1988-04-18,11:01
Flossi,Bramo,fbramoot@google.com.br,1985-08-18,2:34
Gerty,Basso,gbassoou@sitemeter.com,2009-11-04,9:13
Way,McCane,wmccaneov@craigslist.org,1992-05-06,9:06
Minna,Audiss,maudissow@godaddy.com,1985-02-12,7:27
Rickie,Mosdill,rmosdillox@themeforest.net,1989-06-03,10:53
Giovanna,Amiable,gamiableoy@washington.edu,1982-05-27,4:45
Base,Sprionghall,bsprionghalloz@craigslist.org,1978-12-10,1:46
Joanna,Axup,jaxupp0@feedburner.com,1988-05-09,9:51
Patsy,Muldowney,pmuldowneyp1@drupal.org,1981-05-20,10:32
Danny,Balchen,dbalchenp2@vistaprint.com,1977-04-04,5:07
Winna,Wiersma,wwiersmap3@apache.org,1973-02-04,1:16
Bridget,Jeune,bjeunep4@nasa.gov,1974-11-17,10:42
Nicoli,Frederick,nfrederickp5@weather.com,1978-12-16,2:52
Alyssa,MacGibbon,amacgibbonp6@goodreads.com,1990-06-15,3:25
Darla,Gribbell,dgribbellp7@google.co.uk,2002-08-31,9:06
Franciskus,Castellone,fcastellonep8@storify.com,2005-10-19,1:57
Melicent,Trenbay,mtrenbayp9@ameblo.jp,2000-09-28,1:08
Kimberley,Paudin,kpaudinpa@time.com,1982-08-16,6:58
Durward,Maraga,dmaragapb@rediff.com,1993-12-06,9:40
Lorianna,Benoiton,lbenoitonpc@nytimes.com,2009-02-28,9:08
Zorana,Brandle,zbrandlepd@earthlink.net,1995-07-10,3:09
Berk,Piatkowski,bpiatkowskipe@free.fr,2005-07-19,5:28
Dorothea,Geely,dgeelypf@china.com.cn,1979-12-28,11:13
Heriberto,Akett,hakettpg@comcast.net,2003-03-19,3:13
Moina,Pinnell,mpinnellph@prnewswire.com,1989-12-19,10:28
Norris,Stife,nstifepi@wsj.com,1973-01-28,10:12
Ugo,Roddan,uroddanpj@de.vu,1977-02-01,11:46
Olva,Booley,obooleypk@fema.gov,1976-12-13,9:18
Arte,Ivison,aivisonpl@nydailynews.com,2003-01-02,4:24
Dalia,Grinval,dgrinvalpm@miibeian.gov.cn,2007-09-28,11:45
Clementius,Oakenfield,coakenfieldpn@vk.com,1978-10-05,4:26
Stefania,Darko,sdarkopo@ftc.gov,1987-09-25,10:19
Estelle,Totaro,etotaropp@freewebs.com,2000-09-30,6:34
Electra,Ivakhno,eivakhnopq@cnn.com,1979-08-11,1:36
Fiann,Dowsett,fdowsettpr@eepurl.com,1994-02-05,1:38
Lombard,Sambals,lsambalsps@mit.edu,1985-06-11,6:15
Carroll,Coulman,ccoulmanpt@dagondesign.com,1982-04-28,7:07
Rivy,Micallef,rmicallefpu@purevolume.com,2004-05-26,11:51
Yehudit,Christon,ychristonpv@wired.com,1973-09-14,4:45
Caressa,Shakesby,cshakesbypw@ycombinator.com,1982-10-02,10:45
Geoffrey,Thuillier,gthuillierpx@omniture.com,2007-11-12,9:14
Maribelle,Sackey,msackeypy@guardian.co.uk,2002-07-15,4:43
Chane,McNirlin,cmcnirlinpz@cnn.com,1984-03-05,8:58
Conroy,Whiley,cwhileyq0@macromedia.com,1974-03-13,8:15
Andeee,Garthside,agarthsideq1@bbc.co.uk,1997-06-07,4:17
Rustin,Rawet,rrawetq2@umn.edu,1974-12-10,2:03
Ricardo,Cantero,rcanteroq3@scientificamerican.com,1978-08-05,7:27
Rainer,Fosken,rfoskenq4@shareasale.com,1989-11-11,7:02
Fernande,Lewsley,flewsleyq5@eepurl.com,1979-12-23,6:27
Wilmer,O'Haire,wohaireq6@time.com,1973-09-23,5:22
Philippe,Heis,pheisq7@dailymail.co.uk,2000-09-20,4:46
Buiron,Dibden,bdibdenq8@latimes.com,2008-02-04,11:01
Alberto,Flintuff,aflintuffq9@amazon.de,2004-05-27,9:17
Alisander,Rarity,ararityqa@networksolutions.com,2009-02-05,6:45
Gunilla,Blaydes,gblaydesqb@soundcloud.com,1981-12-03,4:23
Calli,Petriello,cpetrielloqc@live.com,1978-05-01,2:42
Warner,Gethins,wgethinsqd@nbcnews.com,1990-04-09,9:27
Karla,Gallichiccio,kgallichiccioqe@java.com,1972-08-05,5:52
Mill,Price,mpriceqf@si.edu,1999-08-30,6:40
Edwina,Albert,ealbertqg@1688.com,2004-09-03,11:56
Katrinka,Billyeald,kbillyealdqh@webeden.co.uk,1996-08-04,3:42
Cletis,Marton,cmartonqi@pagesperso-orange.fr,1999-12-11,5:08
Reyna,Vasilyev,rvasilyevqj@marketwatch.com,2006-09-08,11:55
Bertie,Gilson,bgilsonqk@salon.com,2007-11-02,3:51
Trisha,Cowpertwait,tcowpertwaitql@mozilla.com,1992-01-05,8:52
Morlee,Millin,mmillinqm@tiny.cc,1973-05-07,2:49
Neila,Tarr,ntarrqn@simplemachines.org,1976-05-11,3:05
Lanni,Wheble,lwhebleqo@pinterest.com,1986-12-29,5:22
Bob,Nadin,bnadinqp@hao123.com,2004-08-09,3:06
Jermain,Bentham,jbenthamqq@bigcartel.com,1974-03-18,10:17
Zelma,Boath,zboathqr@sourceforge.net,2003-08-06,11:32
Palm,Leitche,pleitcheqs@timesonline.co.uk,2007-09-25,2:11
Franzen,Gillogley,fgillogleyqt@delicious.com,1982-09-07,10:53
Lem,Slorach,lslorachqu@yale.edu,1975-02-02,1:15
Lorrayne,Subhan,lsubhanqv@kickstarter.com,1983-06-09,3:45
Heddie,Turrill,hturrillqw@livejournal.com,2007-04-19,9:46
Willabella,Torricina,wtorricinaqx@unesco.org,1996-10-24,11:07
Susan,Inglefield,singlefieldqy@ft.com,2003-07-15,6:50
Alfy,Buckley,abuckleyqz@pinterest.com,2007-03-25,2:10
Juana,Macourek,jmacourekr0@so-net.ne.jp,1975-04-03,8:30
Milly,Audry,maudryr1@unblog.fr,1981-12-16,10:20
Geri,Hallock,ghallockr2@nifty.com,1986-06-16,1:17
Valera,Bellefant,vbellefantr3@oracle.com,1979-05-28,2:32
Marillin,Fraser,mfraserr4@gmpg.org,2003-03-05,10:40
Seward,Mirfield,smirfieldr5@jigsy.com,1974-04-23,7:38
Hilliard,Curtayne,hcurtayner6@xing.com,1977-10-07,3:43
Dotti,Brimilcombe,dbrimilcomber7@posterous.com,1979-10-17,6:35
Sonya,Diggles,sdigglesr8@cbsnews.com,2006-03-21,5:45
Yance,Pepall,ypepallr9@deviantart.com,1977-05-11,1:37
Desirae,Authers,dauthersra@dmoz.org,2006-06-22,1:47
Alena,Howels,ahowelsrb@dmoz.org,2002-12-15,6:20
Genevra,Cozens,gcozensrc@comcast.net,1979-04-08,3:52
Emmey,Legan,eleganrd@nba.com,2007-08-25,7:45
Tara,Jansen,tjansenre@bloomberg.com,1994-05-25,8:45
Gerry,Siddle,gsiddlerf@nyu.edu,2006-02-25,7:19
Neysa,Loudwell,nloudwellrg@macromedia.com,2006-10-05,3:57
Land,Kelloch,lkellochrh@ted.com,2005-08-22,6:22
Vincenz,Ackeroyd,vackeroydri@opera.com,1995-02-28,9:44
Abbe,Valentine,avalentinerj@geocities.jp,1996-12-30,7:40
Sisile,Gasken,sgaskenrk@github.io,1973-01-24,8:17
Inglis,Gatherer,igathererrl@patch.com,2005-08-09,10:54
Desmund,Patchett,dpatchettrm@bravesites.com,2008-10-11,6:04
Hirsch,Le feaver,hlefeaverrn@npr.org,2010-10-08,4:53
Deloris,Fussie,dfussiero@facebook.com,1978-07-03,4:32
Merissa,Coniff,mconiffrp@bigcartel.com,1988-10-06,2:43
Leonie,Leyban,lleybanrq@hexun.com,1973-05-26,6:44
Loretta,Giroldo,lgiroldorr@ox.ac.uk,2006-11-30,9:22
